source,target,distance_km,intersections
2000,3685,0.3351267631352136,1
3120,4035,0.604310664144066,1
3685,2000,0.3351267631352136,1
3804,3812,0.46631455726208215,1
3812,3804,0.46631455726208215,1
4030,4032,0.7210382145737863,1
4032,4030,0.7210382145737863,1
4034,4035,0.6516194688658982,1
4035,3120,0.604310664144066,1
4035,4034,0.6516194688658982,1
4264,4270,0.6316835182934001,1
4270,4264,0.6316835182934001,1
