model,mae,rmse,mape_percent
gru,13.55945110321045,20.404983520507812,15833.7451171875
bilstm,13.700627326965332,20.540666580200195,10782.8349609375
transformer,13.672676086425781,20.563169479370117,9740.21484375
lstm,14.431659698486328,21.003463745117188,15077.837890625
