model,mae,rmse,mape_percent
lstm,13.8907470703125,20.983728408813477,10816.0888671875
gru,14.075519561767578,21.06427764892578,12122.341796875
bilstm,14.77296257019043,21.483287811279297,13005.978515625
