model,mae,rmse,mape_percent
bilstm,14.77296257019043,21.483287811279297,13005.978515625
