{"train_loss": [0.0014905060728839237, 0.0012581684428026809, 0.0012510794669359985, 0.00124826598438178, 0.0012494681049609532, 0.0012445789269422938, 0.0012467082701065032, 0.0012495931466166748, 0.0012436749159825172, 0.0012441589014907748, 0.0012288286456559152, 0.0012192402322145036, 0.0012247795255605153, 0.0012236413709417518, 0.001218993835080699, 0.0012207846799302143, 0.0012204932568406484, 0.0012236764051473505, 0.0012208458316511764, 0.0012205745149191465, 0.0012248607381312668, 0.001221232210467177, 0.0012200059374662144, 0.0012172332935432855, 0.0012233630497340826, 0.001225549084813262, 0.0012202474177375247, 0.0012198228599176722, 0.0012244845728007804, 0.0012224140709626893], "val_loss": [0.0012726278121321258, 0.0013071582493516035, 0.0011860010020525058, 0.0011244657305665082, 0.0011024498952351897, 0.00113756815385981, 0.001120330563075259, 0.0011886512199623946, 0.0011798766992355248, 0.0011218577689573515, 0.001100616872476848, 0.0010999179102521679, 0.0010953548191167028, 0.0011222739096764945, 0.001086085116380087, 0.001095872831582609, 0.0010894594204428009, 0.0010981440267974706, 0.0010768802272943974, 0.0011347813287636219, 0.0011054822007585533, 0.0010759803756921883, 0.0010872175781669383, 0.0010712387696789217, 0.0010964141478622378, 0.0010910543805966576, 0.001085736300325687, 0.0010806750984787585, 0.0011007806184824562, 0.0011096052291587344]}