{"train_loss": [0.004740707471132019, 0.0018274341235478603, 0.0017824553018979269, 0.0017198884035360094, 0.0016849144739293541, 0.0016577305700949804, 0.0016420859356596723, 0.0016329572609730164, 0.0016327434595275903, 0.0016197520015486758, 0.0016090382398023788, 0.0016104546400310604, 0.001621010488672291, 0.001611325246345679, 0.0016054586224993291, 0.001595226584747241, 0.0015987164967237355, 0.0016074085819881342, 0.0016034379583800991, 0.0015978845141874274, 0.0016011043994810733, 0.0016066321841910287, 0.0015976049173989178, 0.001603734096560979], "val_loss": [0.0011502922301187472, 0.0013524478412670108, 0.0012844635479654953, 0.0011465969778815535, 0.001146349035932455, 0.0011075151242566914, 0.0012412613663473739, 0.0010829663937501018, 0.0011466760550636612, 0.001202091157170573, 0.0010992730995030037, 0.001158341348735339, 0.0011266542798761957, 0.001058549758815613, 0.0011631545085297288, 0.0011317524087140034, 0.001125484546767527, 0.0010758890194981266, 0.0011313434817526954, 0.0011114789112309643, 0.0010675399051040535, 0.0010580735383717266, 0.001134695096524989, 0.0011018760177932292]}