{"train_loss": [0.0017670765842874628, 0.001334721968862969, 0.001326464755694253, 0.0013194699704201192, 0.0013181302440154834, 0.00131022691309991, 0.0013116188752907826, 0.0013003917875775222, 0.0013027879992344193, 0.0012951199943100802, 0.0013012492481271772, 0.0012940664338289749, 0.001295203337123433, 0.0012947091672869792, 0.0012977270662139304, 0.0012889604939109534, 0.0012927140120566965, 0.0012938662549418643, 0.0012929710642345439, 0.001292915157160223, 0.0012936700918885983], "val_loss": [0.0011503101517163171, 0.0012075539061402667, 0.0011754328356063334, 0.001155270152517403, 0.0011360706248613795, 0.0011391444694348809, 0.0011271389831279792, 0.0011591369264587763, 0.001160037364467755, 0.0011584762570230956, 0.0011173923308117454, 0.001202425036320727, 0.0011244779087577995, 0.0011255007110621492, 0.001279501339106229, 0.0012133660530907284, 0.0013353210794660442, 0.0011206289402884248, 0.0011300294941919706, 0.0011595932859958895, 0.001110129621035109]}