{"train_loss": [0.0019021665916530287, 0.0013224212733110104, 0.001268412017819955, 0.0012509352723857553, 0.0012303659141125415, 0.0012253883800805454, 0.0012158453849550463, 0.001212809499927732, 0.0012110383425458521, 0.0012108487270387563, 0.0012088803624894851, 0.001208984051046567, 0.0012055113371940878, 0.0012061156602283264, 0.0011981248704502293, 0.0011899751983754133, 0.0011781641092822564, 0.0011705113357703644, 0.001167265734484566, 0.0011631681669882997, 0.0011577950097394663, 0.0011565024707196894, 0.0011569918752301338, 0.0011559013141327285, 0.0011558133409554432, 0.0011562977846100086, 0.0011561919208274234, 0.0011573492465197378, 0.0011570003718570881, 0.0011576302676442275], "val_loss": [0.0014705467479565156, 0.001167139118196503, 0.0012456346104888542, 0.0011433968173646225, 0.0011709041231505997, 0.0011744619313858824, 0.0011457384308336672, 0.0011384994040808578, 0.0011443013434351335, 0.0011385704291101994, 0.001134084599022018, 0.0011379101028822266, 0.0011227503410086823, 0.0011348192657997893, 0.0011338479822780158, 0.0011159459937501455, 0.0011308254949404422, 0.0010978189883793866, 0.0011272566992722656, 0.0011121229945524936, 0.001086571890951055, 0.0011281068409614964, 0.001115317131628207, 0.0010989859759426518, 0.0010955079299813405, 0.001091211885694337, 0.0010949991270981332, 0.0011170265398051447, 0.0010858662201217507, 0.0010811503185428617]}